{
    "liquidRatesYearly": [
        0,
        0,
        0,
        0,
        0,
        0,
        0,
        0,
        0,
        0,
        0,
        0,
        0,
        0,
        0,
        0,
        52.18750052187501,
        208.75000208750004,
        208.75000208750004,
        208.75000208750004,
        208.75000208750004,
        208.75000208750004,
        208.75000208750004,
        208.75000208750004,
        208.75000208750004,
        209.33338918461843,
        426.7604500255526,
        -1056.1933267914178,
        0,
        0,
        0,
        0,
        0,
        0,
        0,
        0,
        0,
        0,
        0,
        0,
        0,
        0,
        0,
        0,
        0,
        0,
        0
    ],
    "gasRatesYearly": [
        0.0,
        0.0,
        0.0,
        0.0,
        0.0,
        0.0,
        0.0,
        0.0,
        0.0,
        0.0,
        0.0,
        0.0,
        0.0,
        0.0,
        0.0,
        0.0,
        22.1796875,
        88.71875,
        88.71875,
        88.71875,
        88.71875,
        88.71875,
        88.71875,
        88.71875,
        88.71875,
        88.77205986820141,
        93.38113503254314,
        98.32736475456309,
        100.96325780202997,
        101.76862324382228,
        101.13945864796526,
        99.40164903662412,
        96.82249323275019,
        93.62039714727918,
        89.97302087953155,
        86.02412196835319,
        81.88929948180092,
        77.66081180655576,
        73.41161409619245,
        69.19873859986481,
        65.06612187698597,
        61.04696666528503,
        57.16571244925383,
        53.4396771844312,
        49.88042284117741,
        46.49488916129443,
        43.286333036703404
    ],
    "oilRatesYearly": [
        0,
        0,
        0,
        0,
        0,
        0,
        0,
        0,
        0,
        0,
        0,
        0,
        0,
        0,
        0,
        0,
        52.1875,
        208.75,
        208.75,
        208.75,
        208.75,
        208.75,
        208.75,
        208.75,
        208.75,
        208.75,
        200.26586835931536,
        184.2093089448745,
        169.440103697879,
        155.85503743320365,
        143.35917036864637,
        131.8651746344399,
        121.29272397892106,
        111.56793240528819,
        102.62283781634045,
        94.39492705862608,
        86.82669904675517,
        79.86526291474965,
        73.46196838609936,
        67.5720657793464,
        62.154393273136236,
        57.17108924517249,
        52.587327674746525,
        48.371074759690174,
        44.49286504686063,
        40.92559551163544,
        37.644336147333966
    ],
    "condensateRateYearly": [
        0,
        0,
        0,
        0,
        0,
        0,
        0,
        0,
        0,
        0,
        0,
        0,
        0,
        0,
        0,
        0,
        0,
        0,
        0,
        0,
        0,
        0,
        0,
        0,
        0,
        0,
        0,
        0,
        0,
        0,
        0,
        0,
        0,
        0,
        0,
        0,
        0,
        0,
        0,
        0,
        0,
        0,
        0,
        0,
        0,
        0,
        0
    ]
}