{
    "liquidRatesYearly": [
        0,
        0,
        0,
        0,
        0,
        0,
        0,
        0,
        0,
        3999.999999999996,
        3999.9999999999973,
        3999.9999999999973,
        3999.9999999999973,
        3999.9999999999973,
        3999.9999999999973,
        3999.9999999999973,
        3999.9999999999973,
        3999.9999999999973,
        3733.5824455359707,
        0,
        0,
        0,
        0,
        0,
        0,
        0,
        0,
        0,
        0,
        0,
        0,
        0,
        0,
        0,
        0,
        0,
        0,
        0,
        0,
        0,
        0,
        0,
        0,
        0,
        0,
        0,
        0
    ],
    "gasRatesYearly": [
        0.0,
        0.0,
        0.0,
        0.0,
        0.0,
        0.0,
        0.0,
        0.0,
        0.0,
        70.0,
        70.0,
        70.0,
        70.0,
        70.0,
        70.0,
        70.0,
        70.0,
        70.0,
        70.37911032335487,
        71.55294909747191,
        71.84916266188421,
        71.4293741359643,
        70.43548994126131,
        68.9873193472809,
        67.18573645789961,
        65.11540615916886,
        62.847133105706234,
        60.43988488872778,
        57.942533655460956,
        55.395354495675505,
        52.83131375372566,
        50.27717595749329,
        47.754454186819395,
        45.280225353539734,
        42.86782896388893,
        40.527465421808095,
        38.26670775659938,
        36.090938775353855,
        0.0,
        0.0,
        0.0,
        0.0,
        0.0,
        0.0,
        0.0,
        0.0,
        0.0
    ],
    "oilRatesYearly": [
        0,
        0,
        0,
        0,
        0,
        0,
        0,
        0,
        0,
        200.0,
        200.0,
        200.0,
        200.0,
        200.0,
        200.0,
        200.0,
        200.0,
        200.0,
        198.77283873794238,
        187.3693037073615,
        174.4573455503739,
        162.4351738213072,
        151.24147172547492,
        140.8191479195941,
        131.11504532827402,
        122.07967002648873,
        113.66693880524896,
        105.8339441329815,
        98.54073531384486,
        91.75011472682309,
        85.42744810635146,
        79.54048789684892,
        74.05920878020929,
        68.95565453739073,
        64.20379546305134,
        59.77939560599972,
        55.659889158347,
        51.824265362906125,
        0,
        0,
        0,
        0,
        0,
        0,
        0,
        0,
        0
    ],
    "condensateRateYearly": [
        0,
        0,
        0,
        0,
        0,
        0,
        0,
        0,
        0,
        0,
        0,
        0,
        0,
        0,
        0,
        0,
        0,
        0,
        0,
        0,
        0,
        0,
        0,
        0,
        0,
        0,
        0,
        0,
        0,
        0,
        0,
        0,
        0,
        0,
        0,
        0,
        0,
        0,
        0,
        0,
        0,
        0,
        0,
        0,
        0,
        0,
        0
    ]
}