{
    "liquidRatesYearly": [
        0,
        596.7526864684186,
        819.2464628982408,
        632.5135556969211,
        499.7598952657419,
        401.5308102385432,
        326.6822217192196,
        268.36577948879915,
        222.1383336558291,
        184.99001547562892,
        154.8089584678848,
        67.83493240757929,
        0,
        0,
        0,
        0,
        0,
        0,
        0,
        0,
        0,
        0,
        0,
        0,
        0,
        0,
        0,
        0,
        0,
        0,
        0,
        0,
        0,
        0,
        0,
        0,
        0,
        0,
        0,
        0,
        0,
        0,
        0,
        0,
        0,
        0,
        0
    ],
    "gasRatesYearly": [
        0.0,
        409.93272778150043,
        782.2032412713601,
        823.1252376758006,
        818.0146337008994,
        784.0445791076518,
        733.1378511231097,
        673.4555640012136,
        610.4780855632649,
        547.7879666440263,
        487.63538252442373,
        222.43460448497615,
        0.0,
        0.0,
        0.0,
        0.0,
        0.0,
        0.0,
        0.0,
        0.0,
        0.0,
        0.0,
        0.0,
        0.0,
        0.0,
        0.0,
        0.0,
        0.0,
        0.0,
        0.0,
        0.0,
        0.0,
        0.0,
        0.0,
        0.0,
        0.0,
        0.0,
        0.0,
        0.0,
        0.0,
        0.0,
        0.0,
        0.0,
        0.0,
        0.0,
        0.0,
        0.0
    ],
    "oilRatesYearly": [
        0,
        340.63176630177213,
        518.4636915514765,
        444.7195106842789,
        381.4644041734755,
        327.2064484589942,
        280.66592516050355,
        240.74513786996218,
        206.5025220816627,
        177.13043762122032,
        151.93611978975053,
        67.66086063626094,
        0,
        0,
        0,
        0,
        0,
        0,
        0,
        0,
        0,
        0,
        0,
        0,
        0,
        0,
        0,
        0,
        0,
        0,
        0,
        0,
        0,
        0,
        0,
        0,
        0,
        0,
        0,
        0,
        0,
        0,
        0,
        0,
        0,
        0,
        0
    ],
    "condensateRateYearly": [
        0,
        0,
        0,
        0,
        0,
        0,
        0,
        0,
        0,
        0,
        0,
        0,
        0,
        0,
        0,
        0,
        0,
        0,
        0,
        0,
        0,
        0,
        0,
        0,
        0,
        0,
        0,
        0,
        0,
        0,
        0,
        0,
        0,
        0,
        0,
        0,
        0,
        0,
        0,
        0,
        0,
        0,
        0,
        0,
        0,
        0,
        0
    ]
}