{
    "liquidRatesYearly": [
        0,
        0,
        0,
        0,
        0,
        0,
        0,
        0,
        0,
        2666.6666666666642,
        3999.9999999999973,
        3999.9999999999973,
        3999.9999999999973,
        3999.9999999999973,
        3999.9999999999973,
        3999.9999999999973,
        3999.9999999999973,
        3999.9999999999973,
        4718.126581734638,
        1082.6971698735347,
        0,
        0,
        0,
        0,
        0,
        0,
        0,
        0,
        0,
        0,
        0,
        0,
        0,
        0,
        0,
        0,
        0,
        0,
        0,
        0,
        0,
        0,
        0,
        0,
        0,
        0,
        0
    ],
    "gasRatesYearly": [
        0.0,
        0.0,
        0.0,
        0.0,
        0.0,
        0.0,
        0.0,
        0.0,
        0.0,
        46.666666666666664,
        70.0,
        70.0,
        70.0,
        70.0,
        70.0,
        70.0,
        70.0,
        70.0,
        69.8548308974087,
        68.67423687704672,
        67.31643596953579,
        65.98548098544936,
        64.68084113739397,
        63.401996132502774,
        62.14843596494174,
        60.91966071251826,
        59.7151803373113,
        58.53451449024339,
        57.37719231951638,
        56.2427522828349,
        55.13074196334242,
        54.04071788919655,
        52.97224535671153,
        51.9248982569977,
        50.89825890602837,
        49.89191787806668,
        48.905473842385774,
        47.938533403217406,
        46.990710942864915,
        46.061628467918155,
        45.150915458509026,
        44.25820872054739,
        43.3831522408786,
        42.52539704530484,
        41.68460105941341,
        40.86042897215691,
        40.0525521021305
    ],
    "oilRatesYearly": [
        0,
        0,
        0,
        0,
        0,
        0,
        0,
        0,
        0,
        133.33333333333334,
        200.0,
        200.0,
        200.0,
        200.0,
        200.0,
        200.0,
        200.0,
        200.0,
        199.2098628670928,
        192.8319577994234,
        185.61435672401643,
        178.66690674741184,
        171.9794962528242,
        165.54239209608764,
        159.34622543961999,
        153.38197811661496,
        147.64096950561472,
        142.11484389636144,
        136.7955583285377,
        131.67537088569725,
        126.74682942734749,
        122.00276074278437,
        117.43626011089395,
        113.04068125072492,
        108.80962664820609,
        104.7369382449301,
        100.81668847545077,
        97.04317164005018,
        93.41089560041847,
        89.91457378615993,
        86.54911750049189,
        83.3096285139369,
        80.1913919352294,
        77.18986934906076,
        74.3006922106748,
        71.51965548770039,
        68.84271153996694
    ],
    "condensateRateYearly": [
        0,
        0,
        0,
        0,
        0,
        0,
        0,
        0,
        0,
        0,
        0,
        0,
        0,
        0,
        0,
        0,
        0,
        0,
        0,
        0,
        0,
        0,
        0,
        0,
        0,
        0,
        0,
        0,
        0,
        0,
        0,
        0,
        0,
        0,
        0,
        0,
        0,
        0,
        0,
        0,
        0,
        0,
        0,
        0,
        0,
        0,
        0
    ]
}